model,metric,n_pairs,spearman_rho,spearman_p_value,kappa,kappa_p_value,spearman_rho_display,kappa_display
gpt-oss-120b,validating_emotions,50,0.7305027250822248,1.7281387458038306e-09,0.6653169816520569,8.881784197001252e-16,0.7305***,0.6653***
gpt-oss-120b,encouraging_elaboration,50,0.8404307861592206,2.2901271648716866e-14,0.5352036714290709,4.9897863618753036e-12,0.8404***,0.5352***
gpt-oss-120b,demonstrating_understanding,50,0.4700962359974273,0.0005718270920476365,0.43826012131642256,8.73744783431718e-05,0.4701***,0.4383***
gpt-oss-120b,advice_giving,50,0.8610477069842336,1.0568348041240405e-15,0.7562596568405854,0.0,0.8610***,0.7563***
gpt-oss-120b,self_oriented,50,0.6647151219726721,1.406496743243181e-07,0.7121039048948682,2.5222934851854006e-11,0.6647***,0.7121***
gpt-oss-120b,dismissing_emotions,50,0.578342445289215,1.0885759267987407e-05,0.3477485790985926,7.307301676329203e-05,0.5783***,0.3477***
gpt-oss-120b,mean,50,0.6908558369141655,,0.5758154858719328,,0.6909,0.5758
